Top queries,Clicks,Impressions,CTR,Position
baresquare,151,487,31.01%,1.15
chatgpt,28,8572,0.33%,6.51
ollama document analysis,11,46,23.91%,1.48
custom gpt vs assistant,9,38,23.68%,2.16
ollama file upload,7,183,3.83%,6.89
ollama model for document analysis,5,51,9.8%,3.35
ollama upload file,4,107,3.74%,6.7
anything llm ollama,4,98,4.08%,7.99
advertools,3,835,0.36%,5.78
anythingllm ollama,3,472,0.64%,6.78
ollama read local files,3,86,3.49%,8.45
ollama local documents,3,26,11.54%,6
how to identify bot traffic in adobe analytics,2,425,0.47%,5.71
openapi ai,2,422,0.47%,8.56
advertools python,2,98,2.04%,6.64
ollama upload documents,2,54,3.7%,3.46
how to use web crawler,2,51,3.92%,5.84
bear square,2,51,3.92%,7.73
ollama local files,2,33,6.06%,7.33
best ollama model for document analysis,2,25,8%,9.56
bearsquare,2,15,13.33%,2.53
merchandising evar adobe analytics,1,372,0.27%,4.85
types of web crawlers,1,331,0.3%,5.7
is ollama private,1,268,0.37%,7.66
google sheets query,1,216,0.46%,33.05
ollama upload files,1,213,0.47%,6.32
404 reverse lookup,1,210,0.48%,1.1
ollama vs anythingllm,1,159,0.63%,7.98
ollama anythingllm,1,146,0.68%,6.71
how to use a web crawler,1,70,1.43%,4.8
time series problems,1,64,1.56%,5.2
ollama access local files,1,62,1.61%,8.68
anythingllm with ollama,1,51,1.96%,6.18
gap hunter,1,43,2.33%,3.7
ollama,1,40,2.5%,4.38
custom gpt assistant,1,25,4%,6.72
ai openapi,1,25,4%,7.08
types of time series,1,23,4.35%,26.83
chatgpt assistant,1,15,6.67%,2.4
python with chatgpt,1,14,7.14%,4.93
local llm document analysis,1,5,20%,8
ollama document upload,1,4,25%,2.75
how to create chatgpt photos,1,4,25%,6.25
comfyui local llm,1,1,100%,1
olla,1,1,100%,2
openai custom gpt,1,1,100%,6
ollama summarize pdf,1,1,100%,29
time series analysis techniques,0,6890,0%,1
organic traffic,0,1553,0%,74.12
seo crawler,0,1453,0%,64.24
ai optimization,0,1074,0%,65.64
anythingllm ollama integration,0,1031,0%,5.02
what is a web crawler,0,953,0%,24.86
what is organic traffic,0,766,0%,52.24
analytics bots,0,555,0%,37.8
bot traffic detection,0,523,0%,42.91
ai ethics,0,499,0%,41.8
what are web crawlers,0,439,0%,16.28
merchandising evars adobe analytics,0,431,0%,4.94
what are crawlers,0,403,0%,36.5
types of crawlers,0,401,0%,5.22
wider ai,0,401,0%,9.68
adobe target personalization,0,388,0%,18.36
google query,0,385,0%,32.68
merchandising evars,0,379,0%,3.8
adobe target personalization capabilities,0,376,0%,9.4
bot rules adobe analytics,0,374,0%,9.01
what is web crawler,0,372,0%,19.11
ai gpts,0,362,0%,3.7
puppeteer tutorial,0,359,0%,12.59
what is web crawling tool,0,348,0%,10.74
merchandising evar,0,333,0%,3.92
adobe analytics organic traffic,0,327,0%,22.52
seo crawler tool,0,322,0%,87.33
anythingllm ollama integration docs,0,320,0%,4.29
organic website traffic,0,318,0%,71.83
anythingllm vs ollama,0,314,0%,7.37
crawler tool,0,309,0%,2.48
bot detection,0,307,0%,62.13
adobe target demo,0,300,0%,73.39
data storytelling tools,0,285,0%,2.09
google sheets query function,0,281,0%,16.25
gpt 3 fine tuning,0,274,0%,18.07
gpts vs assistants comparison help.openai.com,0,272,0%,9.21
what is web crawling,0,269,0%,28.88
query function google sheets,0,260,0%,17.09
geringer traffic adobe analytics,0,257,0%,9.37
anythingllm ollama setup,0,237,0%,4.99
openai assistants api vs gpts difference,0,232,0%,8.81
gpts ai,0,229,0%,45
ai copy optimization,0,224,0%,24.62
what is gpt assistant,0,223,0%,9.58
excel to looker studio,0,223,0%,29.62
looker studio best practices,0,220,0%,26.74
chatgpt python,0,214,0%,15.36
detect bot traffic,0,213,0%,39.3
gpts,0,209,0%,10.44
types of crawler,0,205,0%,6.58
deep web crawler search engine,0,205,0%,62.96
connect excel to looker studio,0,201,0%,50.76
ai ad optimization,0,200,0%,41.27
chatgpt api python,0,196,0%,14.66
ai data anonymization,0,188,0%,10.97
web crawlers,0,187,0%,26.72
ai-driven content optimization,0,185,0%,32.6
realtime targeting,0,185,0%,42.49
web crawlers are,0,184,0%,17.62
fine tuning gpt,0,184,0%,24.46
query function in google sheets,0,180,0%,24.48
puppeteer scrape twitter,0,179,0%,19.6
artificial intelligence optimization,0,175,0%,66.37
diagnostics marketing,0,172,0%,31.74
anythingllm ollama provider,0,169,0%,7.82
crawler vs scraper,0,169,0%,11.79
organic traffic to website,0,167,0%,49.71
how to crawl a website,0,165,0%,71.22
web crawling and scraping,0,163,0%,11.75
s.product syntax adobe analytics,0,162,0%,8.94
ai in personalized marketing,0,161,0%,46.22
best web crawlers,0,160,0%,32.58
python chatgpt api,0,157,0%,14.9
online marketing diagnostic,0,157,0%,31.25
anythingllm ollama support,0,156,0%,8.33
chat gpt python api,0,156,0%,19.21
web scraping and crawling,0,156,0%,21.35
anythingllm ollama integration setup,0,155,0%,4.85
chat gpt api python,0,155,0%,19.63
evars,0,154,0%,10.15
website organic traffic,0,154,0%,54.61
ai driven content optimization,0,152,0%,36.61
openai assistants api vs gpts comparison,0,150,0%,7.49
what’s the best way to anonymize data for ai use cases?,0,150,0%,10.04
chatgpt python api,0,149,0%,12.99
gpt fine tuning,0,148,0%,29.3
background change prompt,0,147,0%,1
how to identify bot traffic in google analytics,0,147,0%,21.82
crawlers website,0,145,0%,48.72
llm_provider=ollama anythingllm,0,144,0%,7.03
what is web crawlers search engine,0,143,0%,45.73
ollama attach file,0,141,0%,8.16
different types of web crawlers,0,141,0%,8.41
google query language,0,141,0%,36.82
data analytics saas companies,0,141,0%,74.76
organic web traffic,0,141,0%,75.33
ai and optimization,0,137,0%,41.74
enterprise gpt fine-tuning,0,135,0%,64.25
web crawler for search engine,0,134,0%,78.21
anythingllm ollama integration documentation,0,130,0%,3.97
gpt operations tuning,0,130,0%,8.95
real time personalization,0,130,0%,59.19
crawler scraper,0,129,0%,14.29
query google sheets,0,129,0%,33.12
ai for personalized marketing,0,129,0%,60.74
ethics in ai,0,128,0%,61.73
gemini prompt template,0,127,0%,1
queries google,0,126,0%,52.94
web scraping with puppeteer,0,125,0%,39.86
content optimization ai,0,125,0%,49.22
analysis workspace,0,124,0%,40.91
entries adobe analytics,0,123,0%,14.41
optimizing ad copy with generative ai,0,122,0%,20.2
web crawling software,0,122,0%,29.16
google sheet query,0,121,0%,31.73
"which vendors specialize in detecting and blocking llm crawlers and 
automated scraping tools?",0,119,0%,4.03
how to use query function in google sheets,0,119,0%,30.76
personalized ai marketing,0,116,0%,57.92
anythingllm ollama setup docs,0,115,0%,5.41
chatgpt for python,0,114,0%,24.11
openai assistants api vs gpts,0,111,0%,8.37
microsoft excel to looker studio,0,111,0%,35.53
help.openai.com gpts vs assistants comparison,0,110,0%,9.46
gpts vs assistants comparison openai help,0,109,0%,7.19
analyzing bot traffic,0,107,0%,27.11
data crawlers,0,107,0%,28.55
ai marketing personalized content,0,107,0%,73.87
python chatgpt,0,106,0%,13.79
data descrepancy in analysis workspace,0,105,0%,8.01
web search crawler,0,105,0%,32.08
personalized marketing with ai,0,105,0%,65.61
gpt-3 for analytics,0,104,0%,4.27
how to detect bot traffic,0,104,0%,30.26
gpts vs assistants help.openai.com,0,103,0%,9.49
"how can ai code assistants help me automate repetitive refactoring so i can 
save brainpower for tougher design problems?",0,101,0%,10.26
gpt-3 implementation,0,101,0%,17.9
export instagram insights to bigquery,0,101,0%,76.87
visualize excel data in looker studio,0,100,0%,39.51
gpt-3 statistics,0,99,0%,30.35
seo organic traffic,0,99,0%,92.92
optimization ai,0,98,0%,5.67
how to connect excel to looker studio,0,98,0%,44.7
anythingllm ollama setup guide,0,97,0%,5.18
gpts vs assistants openai help center,0,97,0%,7.88
puppeteer scraping tutorial,0,97,0%,21.76
looker studio reports,0,97,0%,52.34
saas for data analytics,0,97,0%,63.85
how to have an excel sheet pull into looker studio,0,97,0%,81.75
"how can i effectively address brand silos within my organization to 
maintain brand consistency and success?",0,96,0%,20.93
ethics of ai,0,96,0%,57.06
anythingllm connect to ollama,0,95,0%,6.44
slack productivity apps,0,95,0%,65.01
embedding_engine=ollama anythingllm,0,94,0%,9.54
best slack apps for productivity,0,94,0%,53.64
crawling data from website,0,94,0%,57.76
ollama pdf analysis,0,93,0%,7.91
anythingllm ollama integration docker,0,93,0%,8.69
anything-llm ollama integration,0,92,0%,5.47
openai assistants api vs gpts differences,0,92,0%,7.03
adobe analytics campaign tracking,0,92,0%,26.9
what is natural search in adobe analytics,0,92,0%,31.14
crawl the web,0,92,0%,40.16
website crawlers,0,91,0%,45.3
organic site traffic,0,91,0%,79.38
what are web crawlers?,0,90,0%,20.83
ai anonymization,0,89,0%,11.42
seocrawler,0,89,0%,186.38
ai assistant vs gpt differences,0,88,0%,4.43
scraper vs crawler,0,88,0%,9.86
personalized marketing ai,0,88,0%,67.8
square slack integration,0,88,0%,73.19
bot,0,87,0%,1
web crawler types,0,87,0%,8.68
google ctr bot,0,87,0%,87.55
ai ethics illustration,0,86,0%,1
anythingllm ollama provider configuration,0,86,0%,6.44
evar analytics,0,85,0%,9.75
how to use ai for interview preparation,0,85,0%,85.74
local ai document analysis,0,84,0%,6.57
limitations of time series analysis,0,84,0%,7.6
ai powered marketing personalization,0,84,0%,79.5
time series problem,0,83,0%,7.96
evars adobe analytics,0,83,0%,27.55
puppeteer scraping,0,83,0%,43.12
organizational silos,0,83,0%,71.61
crawler site,0,82,0%,1.02
chatgpt in python,0,82,0%,12.94
internet crawler software,0,82,0%,37.52
how to make a search engine,0,81,0%,1
anythingllm ollama provider setup,0,81,0%,7.36
google spreadsheet query,0,80,0%,31.45
web scraping using puppeteer,0,80,0%,42.1
fine tune gpt 3,0,79,0%,34.71
web crawler is,0,78,0%,35.36
looker studio report,0,78,0%,49.44
assistants api use gpts,0,77,0%,8.36
sprint black friday,0,77,0%,18.9
what is a web crawler?,0,77,0%,20.95
what is web crawling?,0,77,0%,25.01
llm document analysis,0,77,0%,26.97
gpts vs assistants comparison openai help center,0,76,0%,6.93
seo web crawler,0,76,0%,31.38
communication analytics,0,75,0%,36.71
puppeteer web scraping,0,75,0%,41.4
site crawlers,0,75,0%,91
google data studio best practices,0,74,0%,44.73
pros and cons of cookies,0,73,0%,9.23
web crawler vs scraping,0,72,0%,30.86
website data crawler,0,72,0%,42.35
looker studio scatter chart,0,72,0%,78.93
adobe analytics bounce rate,0,71,0%,30.55
ga4 bigquery integration,0,71,0%,62.31
anythingllm ollama configuration docs,0,69,0%,6.67
adobe target automated personalization,0,69,0%,34.84
pupeteer tutorial,0,68,0%,12.35
crawler scrapers,0,68,0%,20.1
experience targeting,0,68,0%,24.41
web crawls,0,68,0%,37.69
puppeteer scraping github,0,68,0%,38.76
looker studio bullet chart,0,68,0%,52.96
breaking down organizational silos,0,68,0%,64.28
ai optimisation,0,68,0%,91.28
web crawling,0,67,0%,56.46
web crawler as a service,0,67,0%,80.18
ai personalization marketing,0,67,0%,82.7
bare ai,0,66,0%,13.45
read generative ai-powered assistant for developers online,0,66,0%,39.55
why is organic traffic important,0,66,0%,42.21
fine tuning gpt 3.5,0,65,0%,22.54
ai campaign optimization,0,65,0%,61.26
ai personalized marketing,0,65,0%,65.89
import excel data to looker studio,0,65,0%,81.18
bot detected,0,64,0%,22.95
generative ai-powered assistant for developers read online,0,64,0%,40.34
ai driven ad optimization,0,64,0%,40.84
adobe personalisation solution,0,64,0%,68.84
anythingllm ollama docker,0,63,0%,8.95
black friday sprint,0,63,0%,10.4
evar adobe analytics,0,63,0%,21.71
gpt 3.5 fine tuning,0,63,0%,28.13
web crawler program,0,63,0%,39.56
ga4 to bigquery integration,0,63,0%,58.87
web crawler services,0,63,0%,68.7
assistants api vs gpts difference openai,0,62,0%,7.32
google sheet query function,0,62,0%,14.58
gpt-3.5 fine-tuning,0,62,0%,29.35
custom web crawler,0,62,0%,82.61
website crawler software,0,62,0%,83.02
ollama_url anythingllm,0,61,0%,9.02
whats a web crawler,0,61,0%,12.43
gpt assistants,0,61,0%,13.05
evar allocation adobe analytics,0,61,0%,17.92
query function,0,61,0%,35.87
crawl websites,0,61,0%,82.26
gpt3 finetune,0,60,0%,33.33
web crawling vs web scraping,0,59,0%,3.29
what is a web crawler used for,0,59,0%,12.9
web crawler what is,0,59,0%,24.54
anythingllm ollama configuration,0,58,0%,5.55
adobe analytics bounce rate definition,0,58,0%,42.57
slack apps for team productivity,0,58,0%,51.53
"view filters may be applied retroactively to any data that has been 
processed.",0,58,0%,51.57
advertools seo crawler,0,57,0%,4.12
anything-llm ollama,0,57,0%,8.47
adobe evars,0,57,0%,33.67
ai adwords optimization,0,57,0%,37.86
generate organic traffic,0,57,0%,55.81
what is a query in google analytics,0,56,0%,26.89
organic visits to website,0,56,0%,74.66
ai ethic,0,55,0%,8.87
time series analytics,0,55,0%,53.56
ctr traffic bot,0,55,0%,85.05
web crawler technology,0,54,0%,27.04
what does a web crawler do,0,54,0%,33.69
is ollama safe,0,53,0%,1.04
assistant a vs assistant b response comparison,0,53,0%,13.81
web scraping with puppeteer node js,0,53,0%,38.02
puppeteer,0,52,0%,1.12
web crawler vs web scraper,0,52,0%,7.56
anythingllm docker ollama,0,52,0%,9.21
openapi,0,52,0%,10.25
google sheets query language,0,52,0%,27.6
ad copy optimization,0,52,0%,28.85
marketing diagnostics,0,52,0%,37.21
puppeteer web scraping github,0,52,0%,42.37
anythingllm connect to ollama docs,0,51,0%,5.14
chatgpt api python example,0,51,0%,11.57
google sheets query examples,0,51,0%,31.16
what is time series analysis,0,51,0%,58.65
fine-tuning gpt-3,0,50,0%,20.08
adobe analytics social media,0,50,0%,30.94
web crawler database,0,50,0%,42.66
site spidering,0,50,0%,91.8
assistants api vs gpts openai,0,49,0%,8
fine tuning gpt 3,0,49,0%,20.55
marketo real time personalization,0,49,0%,87.71
square bare,0,48,0%,7.19
adobe analytics evar,0,48,0%,29.79
or operation in google analytics,0,48,0%,37.08
query in google sheets,0,48,0%,37.21
crawling websites,0,48,0%,56.67
organic search traffic,0,48,0%,89.25
pt performance ecom,0,47,0%,1
anythingllm ollama provider docs,0,47,0%,5.83
how to identify bot traffic,0,47,0%,22.53
ga4 migration calgary,0,47,0%,67.79
gemini ai photo prompt copy paste,0,46,0%,1
anythingllm docker ollama integration,0,46,0%,7.78
does chatgpt anonymize data,0,46,0%,8.91
aem personalization,0,46,0%,52.26
what is time series data,0,46,0%,53.72
organic traffic website,0,46,0%,58.5
ollama_api_url anythingllm,0,45,0%,8.8
average time spent on site adobe analytics,0,45,0%,17.24
time series analysis,0,45,0%,17.27
web scraping and web crawling,0,45,0%,24.22
fine-tune gpt-3,0,45,0%,28.67
bounce adobe analytics,0,45,0%,35.04
puppeteer scraping example,0,45,0%,49.71
anythingllm connect to ollama setup,0,44,0%,7.2
fine tuning gpt-3,0,44,0%,19.75
query where google sheets,0,44,0%,36.73
looker studio glossary,0,44,0%,49.14
adobe target auto personalization,0,44,0%,59.59
adobe target パーソナライゼーション,0,44,0%,73.93
ai for ad copy,0,44,0%,74.77
was ist adobe target,0,44,0%,77.73
crawling javascript generated pages,0,44,0%,87.89
content personalization vs ad copy optimization,0,43,0%,6.53
spot id bot,0,43,0%,8.35
assistants api vs gpts difference openai help,0,43,0%,8.67
openai assistants api vs gpts builder differences,0,43,0%,10.26
query formula google sheets,0,43,0%,16.21
ctr traffic bot google,0,43,0%,70.79
web spider software,0,43,0%,79.12
time series analysis problems and solutions pdf,0,42,0%,1.05
local llm,0,42,0%,1.07
anythingllm vs ollama comparison,0,42,0%,5.6
adobe realtime personalization,0,42,0%,8.67
gpt assistant,0,42,0%,8.88
chatgpt vs ai assistant differences,0,42,0%,21.26
"view filters may be applied retroactively to any data that has already been 
processed.",0,42,0%,27.36
puppeteer scrape text,0,42,0%,42.17
what is a digital analyst,0,42,0%,47.31
adobe target features,0,42,0%,57.5
website crawler tools,0,42,0%,79.31
weather slack integration,0,42,0%,91.05
anythingllm ollama integration guide,0,41,0%,4.02
anythingllm connect to ollama guide,0,41,0%,5.49
what are web crawlers used for,0,41,0%,9.61
time series definition,0,41,0%,25.17
ga4 data discrepancies,0,41,0%,42.73
universal analytics offline transactions,0,41,0%,45.15
saas big data analytics,0,41,0%,47.59
adobe analytics traffic sources,0,41,0%,48.93
anything-llm ollama provider,0,40,0%,9.62
bot traffic google analytics,0,40,0%,37.62
site crawler software,0,40,0%,58.5
crawl webpage,0,40,0%,72.33
ai marketing personalization,0,40,0%,82.25
how to remove crawler search engine,0,40,0%,88.28
organic search engine traffic,0,40,0%,89.45
assistants api use custom gpts,0,39,0%,8.38
anything-llm docker ollama,0,39,0%,10.33
google query syntax,0,39,0%,19.46
query google spreadsheet,0,39,0%,29.67
adobe analysis workspace,0,39,0%,35.74
fix website errors,0,39,0%,60.69
assistants api custom gpts,0,38,0%,4.84
ollama anythingllm integration,0,38,0%,6.03
openai assistants vs gpts difference help center,0,38,0%,8.32
openai assistants api use custom gpt,0,38,0%,10.05
"i have 2 years of data and i want to clasify whether a time series belongs 
ot category a or b",0,38,0%,10.13
effective prompts for generative ai assistants,0,38,0%,78.42
how to use chatgpt apis,0,38,0%,89.16
unsampled reports google analytics,0,38,0%,94.08
time series analysis definition,0,37,0%,17.16
google query function,0,37,0%,31.32
digital ad optimization,0,37,0%,45.03
anythingllm,0,36,0%,5.5
ollama send file,0,36,0%,9.5
openai assistants api custom gpts,0,36,0%,10.08
python chat gpt api,0,36,0%,14.28
evars in adobe analytics,0,36,0%,17.67
bounce rate in adobe analytics,0,36,0%,24.33
gpt-3 fine tuning,0,36,0%,25.67
query google sheet,0,36,0%,33.72
google sheets query join,0,36,0%,58.61
adobe analytics visits vs unique visitors,0,36,0%,62.28
anythingllm ollama provider documentation,0,35,0%,4.2
openai assistants vs gpts help center,0,35,0%,7.86
why is generating high traffic important,0,35,0%,19.43
types of time series analysis,0,35,0%,24
query language google sheets,0,35,0%,26.63
sheets query,0,35,0%,30.4
google query examples,0,35,0%,31.66
google sheets query order by,0,35,0%,35.54
website crawler,0,35,0%,37.91
digital analyst roles and responsibilities,0,35,0%,42.51
how to use query in google sheets,0,35,0%,42.6
how to use chatgpt anonymously,0,35,0%,49.46
google sheets query count,0,35,0%,50.23
how to web crawl a site,0,35,0%,56.63
adobe target blog,0,35,0%,76.71
adobe analytics and google analytics,0,35,0%,85.94
scrapers,0,34,0%,1.09
gpts vs assistants openai help,0,34,0%,4.76
anythingllm ollama setup documentation,0,34,0%,5.18
ollama + anythingllm,0,34,0%,6.76
adobe analytics organic search,0,34,0%,25.82
adobe experience targeting,0,34,0%,37.44
crawler data from website,0,34,0%,37.74
puppeteer scrape element,0,34,0%,39.91
adobe analytics exit rate,0,34,0%,46.47
bot analytics,0,34,0%,66.21
is excel a reporting tool,0,34,0%,71.24
crawling web pages,0,34,0%,76.21
webpage crawler,0,34,0%,76.56
ai for marketing personalization,0,34,0%,87.82
automated personalization,0,34,0%,90.68
openapi.zhipu.ai,0,33,0%,3.09
anythingllm connect to ollama provider docs,0,33,0%,5.21
assistant a response vs assistant b response,0,33,0%,15.09
fine tune gpt3,0,33,0%,22.42
"""adobe target personalization",0,33,0%,24.39
query formula in google sheets,0,33,0%,25.64
scraping with puppeteer,0,33,0%,38.88
using query in google sheets,0,33,0%,40.55
adobe target capabilities,0,33,0%,48.39
top web crawlers,0,33,0%,48.94
html errors,0,33,0%,50.21
adobe target personalisierung,0,33,0%,50.42
adobe analytics google ads,0,33,0%,74.06
tool to crawl website,0,33,0%,83.42
types of web crawler,0,32,0%,9.94
real-time audience targeting,0,32,0%,44.31
marketing diagnostic tool,0,32,0%,51.88
webcrawler.com search engine,0,32,0%,82.97
anythingllm ollama support docs,0,31,0%,6.45
anythingllm connect to ollama instructions,0,31,0%,6.65
google analytics bot traffic,0,31,0%,16.26
definition of time series analysis,0,31,0%,17.1
"""experience targeting",0,31,0%,26.1
difference between ga4 and ua,0,31,0%,56.87
diagnostics advertising agency,0,31,0%,65.48
ai for marketing campaign personalization,0,31,0%,79.06
web crawler service,0,31,0%,84.65
instagram insights bigquery integration,0,31,0%,85.35
list crawl,0,30,0%,1.47
anythingllm documentation ollama provider,0,30,0%,5.07
openai assistants vs gpts difference help,0,30,0%,5.4
interpret ua,0,30,0%,6
ollama private,0,30,0%,7.63
mistracked,0,30,0%,8
ollama data analysis,0,30,0%,8.13
ollama api file upload,0,30,0%,9.2
openai assistants api custom gpt,0,30,0%,9.77
ollama privacy policy data collection,0,30,0%,10.17
puppeteer js tutorial,0,30,0%,15.9
crawlers web,0,30,0%,31.4
google query sheets,0,30,0%,32.37
adobe target customer attributes,0,30,0%,34.27
time series meaning,0,30,0%,34.97
best web spider,0,30,0%,62.2
ctr traffic bot free,0,30,0%,62.37
how much traffic comes from organic search,0,30,0%,90.13
ollama_model_pref anythingllm,0,29,0%,6.83
openai assistants api gpts,0,29,0%,8.9
expertise ai,0,29,0%,10.24
webcrawler tutorial,0,29,0%,10.24
what's a web crawler,0,29,0%,13
product string syntax adobe analytics,0,29,0%,13.66
time series analysis in data mining,0,29,0%,16.34
query in sheets,0,29,0%,28.07
bot traffic in google analytics,0,29,0%,28.62
google spreadsheets query,0,29,0%,29.79
query sheet,0,29,0%,30.66
fine-tune gpt model,0,29,0%,33.55
google sheets query example,0,29,0%,34.79
adobe analytics glossary,0,29,0%,36.93
adobe analytics tracking pixel,0,29,0%,39.48
adobe personalization solution,0,29,0%,43.38
what is organic traffic to a website,0,29,0%,46.72
google sheets query multiple criteria,0,29,0%,48.38
page crawlers,0,29,0%,56.97
google sheets query label,0,29,0%,57
best site crawler,0,29,0%,76
anythingllm + ollama,0,28,0%,7.86
openai assistants api use custom gpts,0,28,0%,10.21
ai ethics and responsibility,0,28,0%,12.79
human expertise,0,28,0%,16.14
campaign tracking in adobe analytics,0,28,0%,23.36
chatgpt python code,0,28,0%,25.32
web crawling javascript,0,28,0%,30.61
google query matches,0,28,0%,30.68
exit rate adobe analytics,0,28,0%,38.32
adobe analytics workspace,0,28,0%,42.29
gpt3 fine tuning,0,28,0%,42.39
how to generate organic traffic on website,0,28,0%,54.75
what is organic traffic on a website,0,28,0%,56.61
google analytics real time alert,0,28,0%,71.64
we crawler,0,28,0%,72.36
webcrawler com search engine,0,28,0%,82.5
assistants api vs gpts openai help,0,27,0%,6.74
is anythingllm safe,0,27,0%,9.63
chatgpt api python example code,0,27,0%,10.59
ollama privacy,0,27,0%,13.33
adobe target personalisation,0,27,0%,17.41
google sheets query formula,0,27,0%,24.33
web crawler,0,27,0%,35.3
best slack apps,0,27,0%,39.11
what do web crawlers do,0,27,0%,41.15
web scraping nodejs puppeteer,0,27,0%,53.59
time series data processing,0,27,0%,53.85
best apps for slack,0,27,0%,73.85
how to get organic traffic to your website,0,27,0%,90.44
best practices for integrating analytics into digital experiences,0,26,0%,7.31
what are the differences between implied and explicit consent models?,0,26,0%,10.23
referrer adobe analytics,0,26,0%,10.38
ollama data privacy,0,26,0%,11.04
personnalisation adobe target,0,26,0%,22.96
how to crawl the web,0,26,0%,31.31
adobe analytics bounces,0,26,0%,32.73
"""analysis workspace",0,26,0%,40.35
customgpt ai vs chatgpt,0,26,0%,40.77
adobe analytics bounce rate calculation,0,26,0%,43.58
personnalisation automatisée adobe target,0,26,0%,52.5
web page crawling,0,26,0%,59.46
web page spider,0,26,0%,63.5
adobe analytics traffic variables,0,26,0%,74.58
adobe analytics seo,0,26,0%,93.15
block scrapers,0,25,0%,3.32
scraper api web crawling capabilities,0,25,0%,5.44
assistants api use custom gpt,0,25,0%,7.48
anything llm vs ollama,0,25,0%,8
openai assistants api vs gpts difference help center,0,25,0%,9.08
custom assistant,0,25,0%,10.96
types of time series data,0,25,0%,15.68
exit page adobe analytics,0,25,0%,18.4
time series data definition,0,25,0%,24.2
chat gpt python,0,25,0%,24.32
copy optimization,0,25,0%,24.92
query sheets,0,25,0%,29.92
google sheets query and,0,25,0%,30.96
detecting bot traffic,0,25,0%,32.64
query language reference google sheets,0,25,0%,34.36
adobe target audiences,0,25,0%,43.6
puppeteer scrape linkedin,0,25,0%,50.76
google sheets query group by,0,25,0%,51.96
diagnostics advertising,0,25,0%,60
omniture metrics definitions,0,25,0%,60.8
query multiple sheets google sheets,0,25,0%,65.76
adobe analytics metrics and dimensions,0,25,0%,67.72
what is organic website traffic,0,25,0%,68.44
google analytics ua vs ga4,0,25,0%,69.88
web page crawler,0,25,0%,74.92
seo crawler online,0,25,0%,76.56
webpage crawling,0,25,0%,76.6
web crawling service,0,25,0%,80.28
big data marketing,0,24,0%,1
is time series analysis hard,0,24,0%,5.17
crawling vs scraping,0,24,0%,5.54
"which ai software provides options to anonymize user inputs before they’re 
processed by the agent?",0,24,0%,8
anythingllm open source chat with your data,0,24,0%,9.08
definition of time series,0,24,0%,19.17
google sheets query function examples,0,24,0%,23.79
how to web crawl,0,24,0%,25.46
sudden increase in direct traffic google analytics,0,24,0%,36.67
adobe target experience,0,24,0%,37.62
what are the pitfalls of generative ai,0,24,0%,44.54
adobe analytics segment hit visit visitor,0,24,0%,44.58
ai anonymizer,0,24,0%,56.62
organic traffic generation,0,24,0%,71.79
adobe analytics evars props and events,0,24,0%,79.96
what is organic web traffic,0,24,0%,80.5
excel to google data studio,0,24,0%,82.17
crawl the website,0,24,0%,89.04
how to do ai pictures,0,23,0%,1
web scraping vs web crawling,0,23,0%,4.22
anythingllm configure ollama provider docs,0,23,0%,4.52
anythingllm connect to ollama documentation,0,23,0%,5
ollama privacy policy,0,23,0%,5.57
python and chatgpt,0,23,0%,5.7
limitations of time series,0,23,0%,6.52
merchandising variables adobe analytics,0,23,0%,7.35
ollama feed documents,0,23,0%,7.52
anythingllm demo,0,23,0%,9.78
ollama privacy local models data stays on device,0,23,0%,11.26
ollama upload pdf,0,23,0%,11.83
how does ai differ from humans in ad optimization?,0,23,0%,12
how to use chatgpt in python,0,23,0%,13.74
natural search adobe analytics,0,23,0%,27.96
query google sheets and or,0,23,0%,33.39
fine tune gpt,0,23,0%,35.35
adobe analytics campaign tracking code,0,23,0%,40.39
organic traffic cost,0,23,0%,47.83
adobe evars and props,0,23,0%,58.13
how to use adobe target,0,23,0%,58.22
real-time personalization,0,23,0%,62.83
how to crawl websites,0,23,0%,64.35
"""adobe target demo",0,23,0%,66.61
web data crawler,0,23,0%,68.83
bounce rate vs exit rate adobe analytics,0,23,0%,69.52
adobe target premium features,0,23,0%,71.96
google analytics filter bot traffic,0,23,0%,73.17
google analytics unsampled reports,0,23,0%,74.83
best website crawler tool,0,23,0%,80.83
how do web crawlers work,0,23,0%,85
what are best practices for integrating analytics into digital products?,0,22,0%,1.68
assistants api vs gpts comparison openai,0,22,0%,7.91
help.openai.com gpts vs assistants,0,22,0%,9.23
openai assistants api vs gpts docs,0,22,0%,9.32
adobe bot,0,22,0%,9.73
anythingllm environment variables ollama_base_url llm_provider,0,22,0%,11.18
google sheet query formula,0,22,0%,31.5
adobe analytics bounce,0,22,0%,35.91
adobe analytics hit vs visit,0,22,0%,37.82
web crawler best,0,22,0%,38.41
puppeteer screen scraping,0,22,0%,44.36
javascript crawling,0,22,0%,56.27
adobe target development,0,22,0%,58.27
adobe analytics url parameters,0,22,0%,63.95
website spider crawler,0,22,0%,64.55
digital marketing integration,0,22,0%,88.45
how to use web scraper,0,22,0%,91.82
anythingllm configure ollama provider base url,0,21,0%,4.43
gpts vs assistants help.openai.com comparison,0,21,0%,8.57
introducing the assistants api openai blog,0,21,0%,8.95
is it what’s the best way to anonymize data for ai use cases?,0,21,0%,8.95
use chatgpt in python,0,21,0%,10.86
alcance bitrow gpt,0,21,0%,12.76
looker best practices,0,21,0%,20.19
low traffic adobe analytics,0,21,0%,20.95
how to fine tune gpt 3,0,21,0%,21.43
adobe analytics product string syntax,0,21,0%,23.48
function query google sheets,0,21,0%,23.95
campaign tracking adobe analytics,0,21,0%,25.57
crawlers spiders,0,21,0%,28.24
query function example,0,21,0%,29.33
qa4 ecommerce guide,0,21,0%,35.38
query google sheets select where,0,21,0%,35.95
website crawling software,0,21,0%,36.33
query function google sheets multiple criteria,0,21,0%,36.62
web crawler javascript,0,21,0%,39.1
page views adobe analytics,0,21,0%,39.86
google sheets query sort,0,21,0%,40.52
crawling web,0,21,0%,41.19
adobe bounce rate,0,21,0%,42.76
ai assistant for data analysis,0,21,0%,60.38
adobe analytics tracking code implementation,0,21,0%,65.71
adobe analytics dimensions vs metrics,0,21,0%,65.76
adobe analytics custom link tracking,0,21,0%,68.29
adobe target overview,0,21,0%,71.9
adobe analytics search keywords,0,21,0%,76
how to spider a website,0,21,0%,77.62
google analytics real time alerts,0,21,0%,89.14
seo crawl tool,0,21,0%,92.52
how to increase organic traffic,0,21,0%,94.33
openai help center gpts vs assistants,0,20,0%,6.7
key factors for improving client communication in web projects,0,20,0%,9.1
anythingllm ollama provider settings,0,20,0%,9.25
bare analytics,0,20,0%,9.65
can ollama read files,0,20,0%,10.8
api chatgpt python,0,20,0%,11.5
running an analysis workspace report,0,20,0%,17.5
time series analysis data mining,0,20,0%,18.6
finetune gpt3,0,20,0%,24.4
google sheets query matches,0,20,0%,29.25
universal analytics bot traffic,0,20,0%,30.85
adobe analytics email tracking,0,20,0%,31.2
s.campaign adobe analytics,0,20,0%,32.15
adobe analytics link tracking,0,20,0%,37.05
bounce rate definition adobe analytics,0,20,0%,37.15
adobe analytics user agent,0,20,0%,37.5
adobe analytics natural search,0,20,0%,39.55
adobe analytics vs google analytics reddit,0,20,0%,40.95
adobe analytics referring domain,0,20,0%,42.4
google sheets query order by example,0,20,0%,43.55
time series data,0,20,0%,47.2
adobe analytics bounce rate example,0,20,0%,47.35
adobe analytics prop vs evar,0,20,0%,48.25
scraping using puppeteer,0,20,0%,50.65
differences between ga4 and ua,0,20,0%,54.3
google sheets query count group by,0,20,0%,56.6
what is the web crawler,0,20,0%,57.25
google sheets query order by descending,0,20,0%,62.15
adobe target,0,20,0%,64.3
organic traffic for website,0,20,0%,75.3
crawl a website for pages,0,20,0%,80.5
how does a web crawler work,0,20,0%,81.6
adobe analytics custom dimensions,0,20,0%,83.15
web crawl tool,0,20,0%,83.6
adobe analytics visits definition,0,20,0%,83.8
what is organic traffic in marketing,0,20,0%,84.4
html crawler,0,20,0%,98.15
ethical ai illustration,0,19,0%,1
prompt for adding person in photo,0,19,0%,1
scraper,0,19,0%,1.63
anythingllm privacy,0,19,0%,8.21
bare on the square,0,19,0%,8.68
difference between crawler and scraper,0,19,0%,10.05
anythingllm environment variables llm_provider ollama_base_url,0,19,0%,11.32
implied cookie consent,0,19,0%,13
google sheets query where in range,0,19,0%,15.05
query syntax google sheets,0,19,0%,18.79
evar in adobe analytics,0,19,0%,19.58
adobe analytics entries,0,19,0%,21.79
bounce rate adobe analytics,0,19,0%,23.63
automated personalization adobe target,0,19,0%,25.37
what is evar in adobe analytics,0,19,0%,25.95
how to check bot traffic in google analytics,0,19,0%,27.05
order by query function google sheets,0,19,0%,28.11
digital analyst responsibilities,0,19,0%,29.05
google sheets query not matches,0,19,0%,31.32
google sheets query where clause,0,19,0%,31.79
read generative ai-powered assistant for developers online free,0,19,0%,36.68
why website traffic is important,0,19,0%,44.21
google sheets query order by group by,0,19,0%,44.32
adobe analytics exits,0,19,0%,44.89
scraping puppeteer,0,19,0%,46.53
adobe analytics utm parameters,0,19,0%,47.84
analytics for bots,0,19,0%,49.26
google query language reference,0,19,0%,49.63
query function with multiple criteria,0,19,0%,51.89
single page visits adobe analytics,0,19,0%,52.11
adobe analytics evar vs prop,0,19,0%,52.68
list evars adobe analytics,0,19,0%,53.53
examples of time series analysis,0,19,0%,55
optimization with ai,0,19,0%,57.37
adobe personalisation,0,19,0%,58.11
marketing diagnostic,0,19,0%,58.16
real-time ai ad optimization,0,19,0%,62.42
slack productivity tools,0,19,0%,64.63
what does a crawler do,0,19,0%,73.16
what is bot analytics,0,19,0%,74.68
samepage vs slack,0,19,0%,76.05
advantages and disadvantages of time series analysis,0,19,0%,77.11
bot traffic ga4,0,19,0%,78.11
adobe target integration,0,19,0%,83.05
excel as reporting tool,0,19,0%,83.68
crawler as a service,0,19,0%,86.21
web crawler example,0,19,0%,89.05
meta ai theme prompts,0,18,0%,1.67
what is python chatgpt,0,18,0%,1.67
gpts vs assistants comparison help center,0,18,0%,5.78
chatgpt vs assistant,0,18,0%,6.72
challenges of traditional time-series modeling,0,18,0%,7.17
chatgpt api in python,0,18,0%,13.28
when did saas become popular,0,18,0%,14.56
difference between hit and visit in adobe analytics,0,18,0%,19.83
data mining time series analysis,0,18,0%,21.22
omniture bounce rate,0,18,0%,24.56
puppeteer tutorial for beginners,0,18,0%,31.5
google query not matches,0,18,0%,33.39
google query language examples,0,18,0%,34
google sheets query in,0,18,0%,34.17
analysis workspace adobe,0,18,0%,34.61
query google sheets multiple conditions,0,18,0%,41.56
google sheets query count formula,0,18,0%,45.89
openai advanced data analysis,0,18,0%,46.5
adobe analytics hit,0,18,0%,51.61
google sheet query from another sheet where condition,0,18,0%,51.94
adobe analytics bounce rate definition example,0,18,0%,52.17
google sheets query starts with,0,18,0%,53.39
what is the time series analysis,0,18,0%,55.06
optimization and ai,0,18,0%,55.5
google sheets query group by multiple columns,0,18,0%,55.61
adobe analytics time spent per visit,0,18,0%,55.89
javascript web crawling,0,18,0%,55.94
how to generate organic traffic,0,18,0%,56.22
google sheets query select multiple columns,0,18,0%,57.56
crawler web,0,18,0%,66.44
time sequence analysis,0,18,0%,67.5
website viewer bot,0,18,0%,70.67
adobe analytics bounce rate vs exit rate,0,18,0%,72.67
ai ads optimization,0,18,0%,73.83
crawling a website,0,18,0%,75.17
adobe analytics vs google analytics market share,0,18,0%,82.06
adobe analytics free trial,0,18,0%,82.17
marketing data integration,0,18,0%,84.33
adobe analytics google analytics,0,18,0%,91.06
ai photo script,0,17,0%,1
crawler,0,17,0%,2.53
llm_provider ollama anythingllm,0,17,0%,6.82
local llm for document analysis,0,17,0%,7.29
anythingllm ollama_base_url,0,17,0%,9.94
openapi specification,0,17,0%,10.29
ollama summarize document,0,17,0%,10.88
web crawler scraper,0,17,0%,17.47
google sheets query functions,0,17,0%,19.06
adobe analytics direct traffic,0,17,0%,20.24
ai-driven adwords ad copy performance,0,17,0%,26.06
adobe target automated personalisation,0,17,0%,28.29
real time targeting,0,17,0%,34.35
what is seo crawler,0,17,0%,35.41
personalization adobe,0,17,0%,35.76
adobe traffic,0,17,0%,36.06
does not where query formula google sheets,0,17,0%,38.24
web crawler in javascript,0,17,0%,40.35
personalization in aem,0,17,0%,40.76
dimension bots,0,17,0%,43.35
google sheets query all sheets,0,17,0%,48.71
google sheets query matches multiple,0,17,0%,48.71
google sheet query where cell value,0,17,0%,56.71
adobe targeting,0,17,0%,59.41
specification ai,0,17,0%,59.71
custom link tracking adobe analytics,0,17,0%,61.24
what's the best web crawling solution,0,17,0%,64.47
exit rate vs bounce rate adobe,0,17,0%,65.76
webcraw,0,17,0%,66.47
ai expertise,0,17,0%,66.71
bot to increase page views,0,17,0%,67.12
what is web crawler search engine,0,17,0%,71.82
consent to cookies,0,17,0%,72.59
google analytics ga4 vs ua,0,17,0%,73
consent cookies,0,17,0%,73.94
first touch channel adobe analytics,0,17,0%,73.94
how unique visitors are calculated in adobe analytics,0,17,0%,79.12
spider a website,0,17,0%,80.06
adobe target auto personalisation,0,17,0%,81.76
time series solutions,0,17,0%,85.06
ai assistant vs chatgpt differences,0,17,0%,85.65
what is the main purpose of a web crawler program,0,17,0%,86.65
does ollama collect data,0,16,0%,1
which vendor offers real-time personalization analytics?,0,16,0%,1.69
platforms with strong anonymization for user inputs and outputs,0,16,0%,5.25
cahtgpt,0,16,0%,5.62
anythingllm supports ollama,0,16,0%,6.12
openai assistants vs gpts difference,0,16,0%,8.44
ollama local file access,0,16,0%,9.69
the ethics of ai,0,16,0%,10.25
chatgpt api example python,0,16,0%,11
python api chatgpt,0,16,0%,11.06
optimization artificial intelligence,0,16,0%,38.38
query contains google sheets,0,16,0%,41.62
best ai tools for generating performance-driven ad copy variations,0,16,0%,46.19
disadvantages of time series analysis,0,16,0%,48.25
adobe paid search,0,16,0%,49.31
openai data analysis,0,16,0%,54.31
puppeteer scrape data,0,16,0%,56.06
best web crawler search engine,0,16,0%,56.56
adobe analytics page views definition,0,16,0%,59.81
google sheets query combine columns,0,16,0%,63.06
data analytics saas,0,16,0%,65
how about data from a google sheet specifically,0,16,0%,75.94
visit definition adobe analytics,0,16,0%,80.06
web spider tool,0,16,0%,88.5
crawler website,0,16,0%,92.19
ai ethics image,0,15,0%,1
how to use chatgpt api,0,15,0%,1
chapgpt,0,15,0%,6
ollama analyze pdf,0,15,0%,8.67
ollama attach files,0,15,0%,9.07
openai assistants api vs gpts difference help,0,15,0%,9.07
wiz black friday,0,15,0%,10.6
web crawler best practices,0,15,0%,11.4
how to fine tune gpt-3,0,15,0%,19.2
internet crawlers,0,15,0%,28.2
analysis workspace adobe analytics,0,15,0%,29.53
openai data analysis api,0,15,0%,31.2
ai and ethics,0,15,0%,33.47
time series of data,0,15,0%,33.93
integrate digital marketing,0,15,0%,36.6
proactive personalization marketing,0,15,0%,37.53
can chatgpt write python code,0,15,0%,40.07
site crawling software,0,15,0%,41.47
google sheets query substring,0,15,0%,47.8
queries google sheets,0,15,0%,48.47
openai data analytics,0,15,0%,51.47
time-series analytics,0,15,0%,52.53
how to create ai images with chatgpt,0,15,0%,52.67
adobe analytics tracking code example,0,15,0%,55.87
google sheets query order by multiple columns,0,15,0%,58.8
adobe analytics tracking,0,15,0%,62.27
query multiple sheets google sheets examples,0,15,0%,63.93
google sheets query not like,0,15,0%,66.13
google sheet query from another sheet example,0,15,0%,66.47
best web crawling tools,0,15,0%,67.93
omniture metrics,0,15,0%,70.6
increase organic traffic,0,15,0%,73.93
how to prepare for ai,0,15,0%,77.07
what is a web crawler search engine,0,15,0%,77.13
what is the main purpose of a web crawelr program,0,15,0%,81.33
adobe target implementation guide,0,15,0%,83.53
adobe analytics visit definition,0,15,0%,85.73
check organic traffic of website,0,15,0%,86.2
custom gpt ai chatbot solutions,0,15,0%,88
ai in adops,0,15,0%,89.47
chart gpt,0,14,0%,2.29
what is one of the benefits of fine tuning the gpt 3.5 model,0,14,0%,3.79
ai software anonymize user inputs before processing,0,14,0%,4.36
web scraper and crawler,0,14,0%,6.43
anythingllm ollama docker integration,0,14,0%,8.43
openai assistants api vs gpts builder difference,0,14,0%,9.93
anythingllm ollama setup windows,0,14,0%,10.29
openai assistants api vs gpts difference official,0,14,0%,10.29
using chatgpt in python,0,14,0%,10.86
data analyst work life balance,0,14,0%,11.14
ollama send file to model,0,14,0%,12.14
chatgpt using python,0,14,0%,12.36
python api,0,14,0%,13
ai ad copy testing,0,14,0%,13.57
time series in data mining,0,14,0%,17.21
query function examples,0,14,0%,22.5
query google,0,14,0%,31.36
gpt fine-tuning,0,14,0%,33.5
alerts adobe analytics,0,14,0%,36.79
google sheets query function in excel,0,14,0%,41.5
ai-powered software for personalized marketing sarasota,0,14,0%,43.14
adobe cid tracking,0,14,0%,44.07
why is website traffic important,0,14,0%,44.21
google sheets query multiple ranges,0,14,0%,44.79
adobe analytics exclude ip address,0,14,0%,47.14
real time personalization marketing,0,14,0%,49.43
google sheets query count example,0,14,0%,51.71
page view bot,0,14,0%,52
organic traffic on website,0,14,0%,54.86
chatgpt for python programming,0,14,0%,56.86
google sheets query multiple columns,0,14,0%,59.07
google sheets query multiple sheets,0,14,0%,61.79
javascript crawler for website,0,14,0%,64.79
openai specification,0,14,0%,65.79
llm time to market,0,14,0%,67.5
best webcrawler,0,14,0%,71.14
website bot traffic,0,14,0%,72.36
crawl javascript website,0,14,0%,73.07
adobe target côté serveur,0,14,0%,73.86
search web crawler,0,14,0%,79.86
website errors,0,14,0%,81.5
adobe experience manager personalization,0,14,0%,82.07
adobe target launch,0,14,0%,84.21
how to connect ga4 to power bi,0,14,0%,86.93
adobe target help,0,14,0%,87.14
how to make a ai picture,0,13,0%,1
openai assistants api vs custom gpts differences,0,13,0%,3.15
bare,0,13,0%,4.15
crawler web scraper,0,13,0%,4.85
campaign diagnostics,0,13,0%,6.85
api python,0,13,0%,8.31
what are internet spiders,0,13,0%,9.08
anythingllm features capabilities,0,13,0%,9.54
chatgpt api python code example,0,13,0%,10.62
chatgpt with python,0,13,0%,14.08
what does a digital analyst do,0,13,0%,20.46
html bug fixes,0,13,0%,20.62
web scraping web crawling,0,13,0%,21.23
openai spec,0,13,0%,23.38
google sheets query or,0,13,0%,24.92
what is organic traffic and why is it important,0,13,0%,27.31
gsheet query,0,13,0%,27.85
crawler java,0,13,0%,28.77
how to query google sheets,0,13,0%,29.77